<?xml version="1.0" encoding="UTF-8" standalone="yes"?>
<addon id="repository.KodiCat.Add-ons" name="[B]KodiCat Add-ons Repository[/B]" version="1.0.1" provider-name="KodiCat">
	<extension point="xbmc.addon.repository" name="[B]KodiCat Add-ons Repository[/B]">
        <info>https://rock.seedhost.eu/kcat123/Repo/zips-Add-ons-Matrix/addons.xml</info>
        <checksum>https://rock.seedhost.eu/kcat123/Repo/zips-Add-ons-Matrix/addons.xml.md5</checksum>
        <datadir zip="true">https://rock.seedhost.eu/kcat123/Repo/zips-Add-ons-Matrix/</datadir>
	</extension>
	<extension point="xbmc.addon.metadata">
		<summary></summary>
		<description></description>
		<platform>all</platform>
		<assets>
			<icon>icon.png</icon>
			<fanart>fanart.jpg</fanart>
		</assets>
	</extension>
</addon>