<?xml version="1.0" encoding="UTF-8" standalone="yes"?>
<addon id="repository.smoothstreams" name="SmoothStreams.tv" version="2.0.9" provider-name="Smoothstreams">
	<requires>
		<import addon="xbmc.addon" version="12.0.0"/>
	</requires>
	<extension point="xbmc.addon.repository" name="SmooothStreams.tv">
		<dir maxversion="18.9.0">
			<info compressed="false">https://kodi.smoothstreams.tv/repos/k17/addons.xml</info>
			<checksum>https://kodi.smoothstreams.tv/repos/k17/addons.xml.md5</checksum>
			<datadir>https://kodi.smoothstreams.tv/repos/k17/</datadir>
			<hashes>false</hashes>
		</dir>
		<dir minversion="18.9.0">
			<info compressed="false">https://kodi.smoothstreams.tv/repos/k19/addons.xml</info>
			<checksum>https://kodi.smoothstreams.tv/repos/k19/addons.xml.md5</checksum>
			<datadir>https://kodi.smoothstreams.tv/repos/k19/</datadir>
			<hashes>false</hashes>
		</dir>
	</extension>
	<extension point="xbmc.addon.metadata">
		<summary>SmoothStreams Addons</summary>
		<description>This repository contains addons for various wowza servers.</description>
		<platform>all</platform>
	</extension>
</addon>