<?xml version="1.0" encoding="UTF-8" standalone="yes"?>
<addon id="repository.beta.emby.kodi" name="Kodi Emby Beta Addons" version="1.0.9" provider-name="null_pointer,angelblue05,sualfred,im85288,xnappo">
	<requires>
		<import addon="xbmc.addon" version="12.0.0"/>
	</requires>
	<extension point="xbmc.addon.repository" name="Kodi Emby Beta Addons Repository">
		<dir>
			<info compressed="false">https://embydata.com/downloads/addons/xbmb3c/multi-repo/repositories/addons.xml</info>
			<checksum>https://embydata.com/downloads/addons/xbmb3c/multi-repo/repositories/addons.xml.md5</checksum>
			<datadir zip="true">https://embydata.com/downloads/addons/xbmb3c/multi-repo/repositories/</datadir>
		</dir>
		<dir minversion="18.9.0">
			<info compressed="false">https://embydata.com/downloads/addons/xbmb3c/multi-repo/beta-matrix/addons.xml</info>
			<checksum>https://embydata.com/downloads/addons/xbmb3c/multi-repo/beta-matrix/addons.xml.md5</checksum>
			<datadir zip="true">https://embydata.com/downloads/addons/xbmb3c/multi-repo/beta-matrix/</datadir>
		</dir>
		<dir minversion="17.9.0">
			<info compressed="false">https://embydata.com/downloads/addons/xbmb3c/multi-repo/beta-leia/addons.xml</info>
			<checksum>https://embydata.com/downloads/addons/xbmb3c/multi-repo/beta-leia/addons.xml.md5</checksum>
			<datadir zip="true">https://embydata.com/downloads/addons/xbmb3c/multi-repo/beta-leia/</datadir>
		</dir>
		<dir minversion="16.9.0">
			<info compressed="false">https://embydata.com/downloads/addons/xbmb3c/multi-repo/beta-krypton/addons.xml</info>
			<checksum>https://embydata.com/downloads/addons/xbmb3c/multi-repo/beta-krypton/addons.xml.md5</checksum>
			<datadir zip="true">https://embydata.com/downloads/addons/xbmb3c/multi-repo/beta-krypton/</datadir>
		</dir>
	</extension>
	<extension point="xbmc.addon.metadata">
		<summary>Kodi Emby Addon Repository</summary>
		<description>This repo contains the Kodi Emby addon along with compatible Kodi skins</description>
		<disclaimer></disclaimer>
		<platform>all</platform>
		<assets>
			<icon>resources/icon.png</icon>
			<fanart>resources/fanart.jpg</fanart>
		</assets>
	</extension>
</addon>
