{

  "32024":"https://townsquare.media/site/295/files/2019/12/2020-movies-collage.jpg?w=980&q=75",
  "32025":"https://4.bp.blogspot.com/-v9cXzf41ExU/VstYDFsUBGI/AAAAAAAAGn8/YTxVtz17b4E/s1600/IMAGE%2B23.jpg",
  "32026":"https://cdn.mos.cms.futurecdn.net/qCD39X4DjbpgxD7ZFW63eG.jpg",
  "32027":"https://bestdroidplayer.com/wp-content/uploads/2019/06/trakt-what-is-how-use-on-kodi.png",
  "32020":"https://searchengineland.com/figz/wp-content/seloads/2017/12/compare-seo-ss-1920-800x450.jpg",
  "32021":"http://f.frogi.co.il/news/640x300/010170efc8f.jpg",
  "32022":"https://encrypted-tbn0.gstatic.com/images?q=tbn%3AANd9GcT5GMHNjPCi4oCp4PHArgKQ-SBzF4wYdyRKbf0hj0t2qQxqffmO&usqp=CAU",
  "32028":"https://i.ytimg.com/vi/tJD4Q0h9fL0/maxresdefault.jpg",
  "32029":"https://online.alvernia.edu/wp-content/uploads/2019/02/Agenda-Setting-Theory.jpg",
  "32030":"https://www.york.ac.uk/media/study/courses/postgraduate/centreforlifelonglearning/English-Building-History-banner-bought.jpg",
  "32031":"https://www.york.ac.uk/media/study/courses/postgraduate/centreforlifelonglearning/English-Building-History-banner-bought.jpg",
  "32032":"https://www.york.ac.uk/media/study/courses/postgraduate/centreforlifelonglearning/English-Building-History-banner-bought.jpg",
  "32033":"https://hdqwalls.com/download/avengers-infinity-war-imax-poster-na-2048x1152.jpg",
  "32034":"https://unicaresupport.com/wp-content/uploads/2017/07/default_health-care-generic-1.jpg",
  "32309":"https://cdn.vox-cdn.com/thumbor/NJI4shm9YCznnzHB2rn5zgNoSVI=/1400x788/filters:format(png)/cdn.vox-cdn.com/uploads/chorus_asset/file/19967220/freefiretv.png",
  "32295":"https://images.cdn1.stockunlimited.net/preview1300/cinema-background-with-movie-objects_1823387.jpg",
  "32036":"https://www.newszii.com/wp-content/uploads/2018/08/Most-Popular-Action-Movies.png",
  "32037":"https://www.newszii.com/wp-content/uploads/2018/08/Most-Popular-Action-Movies.png",
  "32038":"https://s.studiobinder.com/wp-content/uploads/2019/09/Movie-Genres-Types-of-Movies-List-of-Genres-and-Categories-Header-StudioBinder.jpg",
  "32039":"https://i.pinimg.com/originals/e4/03/91/e4039182cd17c48c8f9cead44cda7df3.jpg",
  "32040":"https://cdn-static.denofgeek.com/sites/denofgeek/files/styles/main_wide/public/2016/04/movlic_studios_1.jpg?itok=ih8Z7wOk",
  "32041":"https://cdn0.tnwcdn.com/wp-content/blogs.dir/1/files/2010/03/movies.jpg",
  "32042":"http://www.videomotion.co.il/wp-content/uploads/whatwedo-Pic-small.jpg",
  "32043":"https://www.york.ac.uk/media/study/courses/postgraduate/centreforlifelonglearning/English-Building-History-banner-bought.jpg",
  "32044":"https://brewminate.com/wp-content/uploads/2020/02/GeorgeThompsonTeachingHistory01.png",
  "32045":"https://i.ytimg.com/vi/McP_y6mJLGY/maxresdefault.jpg",
  "32046":"https://i.ytimg.com/vi/McP_y6mJLGY/maxresdefault.jpg",
  "32047":"https://filmkijker.files.wordpress.com/2010/05/aimax.jpg",
  "32023":"https://brewminate.com/wp-content/uploads/2020/02/GeorgeThompsonTeachingHistory01.png",
  "32012":"https://image.businessinsider.com/5d5ea69fcd97841fea3d3b36?width=1100&format=jpeg&auto=webp",
  "32013":"https://i.pinimg.com/236x/1c/49/8f/1c498f196ef8818d3d01223b72678fc4--divergent-movie-poster-divergent-.jpg",
  "32014":"https://lh5.ggpht.com/cr6L4oleXlecZQBbM1EfxtGggxpRK0Q1cQ8JBtLjJdeUrqDnXAeBHU30trRRnMUFfSo=w300",
  "32015":"https://img.buzzfeed.com/buzzfeed-static/static/2019-12/18/20/campaign_images/6a40bc4514fb/25-tv-episodes-from-this-decade-well-never-forget-2-88-1576702707-2_dblbig.jpg",
  "32016":"https://consequenceofsound.net/wp-content/uploads/2019/11/CoS_2010sDecades-TVShows.jpg?quality=80",
  "32017":"https://d2yhzr6tx8qnba.cloudfront.net/images/db/9/b6/58e2db43d1b69.jpeg",
  "32018":"https://images.pond5.com/tv-networks-logos-loop-footage-042898083_prevstill.jpeg",
  "32019":"https://cdn0.tnwcdn.com/wp-content/blogs.dir/1/files/2010/03/movies.jpg",
  "32313":"https://yfaz.com/wp-content/uploads/2020/05/keyword-research-analysis-ss-1920-1.png"
 
  

}