<?xml version="1.0" encoding="UTF-8"?>
<addon id="repository.Kpoodle19" name="[B][COLOR red]Poodle[/COLOR] [COLOR white]19[/COLOR] [COLOR yellow]Add-ons[/COLOR] [COLOR green]Repository[/COLOR][/B]" version="1.0.1" provider-name="Poodle">
    <requires>
        <import addon="xbmc.addon" version="12.0.0"/>
    </requires>
    <extension point="xbmc.addon.repository" name="[B][COLOR red]Poodle[/COLOR] [COLOR white]19[/COLOR] [COLOR yellow]Add-ons[/COLOR] [COLOR green]Repository[/COLOR][/B]">
        <dir>
            <info compressed="false">https://raw.githubusercontent.com/Kpoodle/Repo19/master/zips/addons.xml</info>
            <checksum>https://raw.githubusercontent.com/Kpoodle/Repo19/master/zips/addons.xml.md5</checksum>
            <datadir zip="true">https://raw.githubusercontent.com/Kpoodle/Repo19/master/zips</datadir>
        </dir>
    </extension>
    <extension point="xbmc.addon.metadata">
        <summary lang="en"></summary>
        <description lang="en"></description>
        <disclaimer lang="en"></disclaimer>
        <platform>all</platform>
        <assets>
            <icon>icon.png</icon>
            <fanart>fanart.png</fanart>
        </assets>
        <news></news>
    </extension>
</addon>
