<?xml version="1.0" encoding="UTF-8" standalone="yes"?>
<addon id="plugin.video.mando"                                                                                                                                    
	   name="Mando"                                                 
	   version="6.5.2"                                                                                                                                        
	   provider-name="Darkness">
  <requires>
	
<!-- <import addon="script.module.requests"/> -->
	<!-- <import addon="script.module.resolveurl" /> -->
  </requires>
  <extension point="xbmc.python.pluginsource"
            library="main.py">
        <provides>video</provides>
  </extension>
  <extension point="xbmc.addon.metadata">
  <reuselanguageinvoker>true</reuselanguageinvoker>
    <summary lang="en">The single light in the Darkness</summary>
    <description lang="en">All the media as fast as possible</description>
	
    <platform>all</platform>
	<assets>
            <icon>icon.png</icon>
            <fanart>fanart.jpg</fanart>
    </assets>
  </extension>
</addon>
