<?xml version="1.0" encoding="UTF-8" standalone="yes"?>
<addon id="repository.hasamba" name="Hasamba Private Repo" version="2.0.0" provider-name="nacho">
    <extension point="xbmc.addon.repository" name="Example Repository">
        <dir>
            <info compressed="false">https://raw.githubusercontent.com/hasamba/hasambarepo.github.io/master/repo/zips/addons.xml</info>
            <checksum>https://raw.githubusercontent.com/hasamba/hasambarepo.github.io/master/repo/zips/addons.xml.md5</checksum>
            <datadir zip="true">https://raw.githubusercontent.com/hasamba/hasambarepo.github.io/master/repo/zips/</datadir>
        </dir>
    </extension>
    <extension point="xbmc.addon.metadata">
        <summary>hasambarepo.github.io</summary>
        <description>you dont have any buisness here</description>
        <disclaimer></disclaimer>
        <platform>all</platform>
        <assets>
            <icon>icon.png</icon>
            <fanart>fanart.jpg</fanart>
        </assets>
    </extension>
</addon>