﻿<?xml version="1.0" encoding="UTF-8" standalone="yes"?>
<addon id="plugin.video.CHICCO"
	   name="ציקו"
	   version="6.5.2"
	   provider-name="CHICCO">
	   <requires>
    <import addon="script.module.resolveurl" version="5.0.00"/>
	<import addon="script.module.requests"/>
  </requires>
  <extension point="xbmc.python.pluginsource"
            library="default.py">
        <provides>video</provides>
  </extension>
  <extension point="xbmc.addon.metadata">
    <summary lang="en">סרטים/סדרות</summary>
    <description lang="en">סרטים/סדרות...</description>
    <platform>all</platform>
	<assets>
        <icon>icon.png</icon>
        <fanart>fanart.jpg</fanart>
        <screenshot></screenshot>
        <screenshot></screenshot>
        <screenshot></screenshot>
    </assets>
    </extension>
</addon>